188;DIRECTORA DE LINEA DE LA DIRECCION GRAL DE  FORMACION PARA ECOSOCIALISMO
291;JEFE DE DIVISION DE GESTION INTERNA ECOSOCIALISTA
1551;JEFE DE DIVISION DE GESTION INTERNA ANZOATEGUI
2943;DIRECTOR DE LINEA DE CONTROL Y SEGUIMIENTO DE LA GESTION TERRITORIAL
2696;DIRECTOR(A) DE LINEA DE INFORMACION E INVESTIGACION SOBRE DIVERSIDAD BIOLOGICA
28;DIRECTORA GENERAL DE PATRIMONIO FORESTAL
135;Apoyo Profesional I Nivel I
1612;JEFA DE DIVISION DE GESTION ECOSOCIALISTA DEL AMBIENTE LA GUAIRA
1204;DIRECTORA DE LINEA DE ANALISIS Y EVALUACION JURIDICA AMBIENTAL
1246;DIRECTORA DE LINEA DE INGRESO Y DESARROLLO
2894;ADJUNTA A LA DIRECCION GENERAL DE GESTION HUMANA
1356;JEFE DE DIVISIVION DE CONTRATOS
1206;DIRECTORA DE LINEA DE PROCEDIMIENTOS ADMINISTRATIVOS Y JUDICIARIOS
1627;JEFE DE DIVISION DE GESTIÓN ECOSOCIALISTA DEL AMBIENTE MIRANDA
1347;DIRECTOR DE LINEA DE PREVENCIÓN DE AMENAZAS A LA DIVERSIDAD BIOLÓGICA
141;Apoyo Profesional I Nivel VII
2767;DIRECTOR(A) DE LINEA DE DESALINIZACION DEL AGUA
2768;JEFE DE DIVISION DE PREESCOLAR
2769;JEFE DE DIVISION DE ESTRATEGIA COMUNICACIONAL
2770;DIRECTORA DE LINEA DE PARTICIPACION CIUDADANA
2771;DIRECTORA DE LINEA DE PLANIFICACION
2772;DIRECTOR GENERAL DEL DESPACHO
2773;JEFE DE DIVISION DE INNOVACION Y DESARROLLO
2774;DIRECTORA DE LINEA (E) DE RELACIONES PUBLICAS E IMAGEN
2775;COORDINADOR RESIDENCIA COMPROMISO Y RESPONSABILIDAD
2778;DIRECTOR(A) ESTADAL DE ECOSOCIALISMO Y AGUAS EN EL ESTADO AMAZONAS
2779;COORDINADOR DE LA DIVISION DE SEGURIDAD FISICA OPERATIVA
2780;COORDINADOR(A) DE SEGUIMIENTO Y CONTROL ESTADAL CENTRAL DE PROCESOS DE TAQUILLA UNICA SISTRA
2781;COORDINADOR(A) DE SEGUIMIENTO Y CONTROL CENTRAL - CENTRAL DE PROCESOS DE TAQUILLA UNICA SISTRA
2782;COORDINADOR(A) DE PROCESOS DE FORMACION PARA LA PARTICIPACION CIUDADANA
2784;COORDINADOR(A) DE PRENSA
2786;COORDINADOR(A) EN LA COORDINACION DE SEGURIDAD INDUSTRIAL
2787;ADJUNTO AL DESPACHO DEL VICEMINISTRO DE INTEGRAL DE LA BASURA
2788;COORDINADOR(A) EN LA DIVISION DE AUDITORIAS ADMINISTRATIVAS Y FINANCIERA
2789;COORDINADOR(A) EN LA DIVISION DE EXAMEN DE LA CUENTA
2790;JEFE DE DIVISION DE GESTION ECO. DE DESECHOS Y RESIDUOS TACHIRA
2791;JEFE DE DIVISION DE ADMINISTRACION DE CONTRATOS
2793;COORDINADOR(A) DE LOS PROCESOS DE FORMACION DE ATENCION CIUDADANA
2831;JEFE DE DIVISION DE ADQUISICIONES
2833;DIRECTOR GENERAL DE FORMACION PARA EL ECOSOCIALISMO
2835;JEFE DE DIVISION DE MANEJO ECOSOCIALISTA DE DESECHOS Y RESIDUOS FALCON
2829;JEFA DE DIVISION DE GESTION INTERNA YARACUY
2834;COORDINADOR DE AUDIOVISUAL
2837;ADJUNTA AL VICEMINISTRO DE SERVICIO DE GESTION DEL AMBIENTE
2838;COORDINADORA DE ESTRATEGIA COMUNICACIONAL
2839;ADJUNTO(A) A LA DIRECCION GENERAL DE LA OFICINA DE ATENCION CIUDADANA
2840;JEFA DE DIVISION DE GESTION INTERNA ANZOATEGUI
2843;DIRECTOR(A) DE LINEA DE DIVULGACION SOCIALISTA
2845;ADJUNTA A LA OFICINA DE AUDITORA INTERNA
2847;COORINADOR DE SANEAMIENTO Y AGUAS
2866;OPERARIO DE EQUIPO DE TELECOMUNICACIONES
2896;DIRECTOR(A) DE LINEA DE CONTROL DE GESTION
2897;ADJUNTO(A) A LA OFICINA DE PLANIFICACION Y PRESUPUESTO
2900;ADJUNTA A LA DIRECCION GENERAL DEL DESPACHO
2901;COORDINADOR TERRITORIAL
2902;COORDINADOR DE ANALISIS INTEGRAL DE PROCESOS
2907;SUPERVISOR DE SERVICIOS ESPECIALIZADOS
2911;DIRECTOR DE UNIDAD TERRITORIAL DE ECOSOCIALISMO CARABOBO
2913;JEFA DE DIVISION DE GESTION INTERNA DELTA AMACURO
2842;JEFA DE DIVISION DE MANEJO ECOSOCIALISTA DE DESECHOS Y RESIDUOS MERIDA
2848;JEFE DE DIVISION DE GESTION INTERNA NUEVA ESPARTA
2914;COORDINADOR DE PROYECTOS DE REMODELACION
2915;DIRECTOR DE UNIDAD TERRITORIAL DE ECOSOCIALISMO SUCRE
2916;ADJUNTO(A) A LA OFICINA DE ATENCION CIUDADANA
2918;DIRECTOR(A) DE LINEA DE ASUNTOS INTERNACIONALES
2926;JEFE DE DIVISION DE TELEFONIA Y SOPORTE TECNICO DE INFRAESTRUCTURA
2919;COORINADOR(A) DEL VIVERO SANTA ROSA
2920;DIRECTOR DE LINEA DE BIENES PUBLICOS
2923;JEFE DE DIVISION DE GESTION ECOSOCIALISTA DE DESECHOS Y RESIDUOS LA GUAIRA
2936;JEFE DE DIVISION DE GESTION INTERNA CARABOBO
2927;JEFE DE DIVISION DE RADIO Y COMUNICACION
2929;JEFE DE DIVISION DE GESTION ECO. DE DESECHOS Y RESIDUOS DELTA AMACURO
2930;DIRECTOR DE LINEA (E) DE ZONAS COSTERAS
2931;DIRECTORA DE LINEA
2932;DIRECTOR GENERAL DE ADAPTACION Y MITIGACION DEL CAMBIO CLIMATICO
2933;DIRECTORA GENERAL DE APROVECHAMIENTO DE LA BASURA
2934;DIRECTOR GENERAL DE LA OFICINA DE COORDINACION TERRITORIAL
2935;DIRECTOR DE LINEA DE APROVECHAMIENTO SUSTENTABLE DE LA DIVERSIDAD BIOLOGICA
2938;COORDINADOR DE FORMACION DE LA PARTICIPACION CIUDADANA
2941;DIRECTOR (A) LINEA DE GESTION OPERATIVA
2921;JEFE DE DIVISION DE GESTION INTERNA LA GUAIRA
2937;JEFE DE DIVISION DE DESARROLLO CALIDAD E IMPLEMENTACION
2946;JEFE DE DIVISION DE GESTION INTEGRAL DE LA BASURA TRUJILLO
2947;JEFE DE DIVISION DE GESTION ECOSOCIALISTA DEL AMBIENTE TRUJILLO
2996;ASISTENTE AL MINISTRO
2949;DIRECTOR DE UNIDAD TERRITORIAL DE ECOSOCIALISMO INSULAR
2951;DIRECTOR (A) DE LINEA DE ADQUISICIONES Y CONTRATACIONES DE OBRAS Y SERVICIOS
2952;DIRECTOR DE LINEA DEL CENTRO DE DOCUMENTACION Y DIVULGACION
2954;DIRECTOR (A) DE LABORATORIOS AMBIENTALES
2955;DIRECTOR DE LINEA DE CONTROL POSTERIOR
2958;JEFE DE DIVISION DE GESTION ECOSOCIALISTA DE DESECHOS Y RESIDUOS
2959;JEFE DE DIVISION DE APOYO ADMINISTRATIVO
2960;ADJUNTO A LA DIRECCION GENERAL DE PLANIFICACION DE GESTION INTEGRAL PARA EL MANEJO DE LA BASURA
2961;DIRECTOR DE LINEA DE FINANZAS OFICINA DE GESTION ADMINISTRATIVA
2963;ADJUNTO (A) A LA DIRECCIÓN GENERAL DE PATRIMONIO FORESTAL
2990;DIRECTORA DE RELACIONES PÚBLICAS E IMAGEN
2991;DIRECTOR ESTADAL BOLIVAR
2994;JEFE DE DIVISION DE RELACIONES PUBLICAS
2995;DIRECTOR DE LINEA DE COMUNICACION E INFORMACION
2956;JEFA DE DIVISION DE GESTION INTERNA U.T.E.C MERIDA
3000;DIRECTORA DE LINEA DE SECRETARIA
2924;JEFE DE DIVISION DE GESTION INTERNA PORTUGUESA
3501;JEFA DE DIVISION DE ASESORIA LEGAL
3502;JEFE DE DIVISION DE RECLUTAMIENTO Y SELECCION
3503;JEFA DE DIVISION DE GESTION INTEGRAL DE LA BASURA LA GUAIRA
3505;JEFE DE DIVISION EN LA DIRECCION DE FISCALIZACION AMBIENTAL
3506;JEFE DE DIVISION DE LA DIRECCION GENERAL DE APROVECHAMIENTO DE LA BASURA
3550;DIRECTORA DE LINEA DE PERDIDAS Y DANOS POR CAMBIO CLIMATICO
3551;DIRECTOR DE LINEA DE INFRAESTRUCTURA TECNOLOGICA
1463;JEFA DE DIVISION  DE RESERVAS FORESTALES
13;DIRECTORA GENERAL DE LA OFICINA DE ATENCION CIUDADANA
1577;JEFE DE DIVISION DE GESTIÓN ECOSOCIALISTA DEL AMBIENTE CARABOBO
2687;JEFE DE DIVISION DE GESTION INTERNA APURE
2917;JEFA DE DIVISION DE GESTION INTEGRAL DE LA BASURA ARAGUA
1576;JEFA DE DIVISION DE GESTION INTERNA ECOSOCIALISTA CARABOBO
2910;JEFA DE DIVISION DE GESTION INTERNA ARAGUA
1601;JEFA DE DIVISION DE GESTION INTERNA GUARICO
1706;COORDINADOR ADMINISTRATIVO DE TRANSPORTE
1708;COORDINADOR DE SERVICIOS DE CORRESPONDENCIA INSTITUCIONAL
1597;JEFA DE DIVISION DE GESTION ECOSOCIALISTA DEL AMBIENTE FALCON
2631;JEFE DE DIVISION  DE GESTION ECOSOCIALISTA DEL AMBIENTE CARABOBO
2836;JEFA DE DIVISION DE GESTION INTERNA FALCON
2634;JEFA DE DIVISION DE GESTION ECOSOCIALISTA DEL AMBIENTE MERIDA
1642;JEFA DE DIVISIÓN DE GESTIÓN ECOSOCIALISTA DEL AMBIENTE PORTUGUESA
2701;JEFE DE DIVISION DE GESTION ECOSOCIALISTA DEL AMBIENTE PORTUGUESA
1689;COORDINADORA DE EJECUCION Y RENDICION DE PAGOS
1703;COORDINADOR DE INVESTIGACIONES
1723;COORDINADORA PEDAGOGICA
0;Sin Asignación de Cargo
100;Apoyo Administrativo I Nivel I
2846;JEFE DE DIVISION DE MANEJO ECOSOCIALISTA DE DESECHOS Y RESIDUOS BARINAS
2962;JEFA DE DIVISION GESTION ECOSOCIALISTA FALCON
2948;COORDINADORA DE AREA DE SEGUIMIENTO A LA EJECUCION DE LAS UTEC
1732;COORDINADORA DE SEGUIMIENTO Y CONTROL DE TRAMITACIONES
2703;COORDINADOR DE ZOOCRIADERO PATRULLERO DE CHAVEZ EN GUARICO
1750;COORDINADORA DEL REFUGIO DE FAUNA SILVESTRE GUARE - FALCON
1735;COORDINADORA DE MINERIA
676;COORDINADORA
1667;COORDINADOR DEL PROGRAMA NACIONAL DE CONSERVACION DE TORTUGAS MARINAS - LA GUAIRA
1724;COORDINADORA DE PRESUPUESTO
1720;COORDINADOR DE ESTRATEGIA COMUNICACIONAL
1747;COORDINADOR DE ZOOCRIADERO PATRULLERO DE CHAVEZ - GUARICO
1456;JEFE DE DIVISION DE CONTROL PREVIO AMBIENTAL
267;JEFA DE DIVISION DE LA DIRECCION DE LINEA DE PROYECTOS
1621;JEFE DE DIVISION DE GESTION INTERNA MERIDA
136;Apoyo Profesional I Nivel II
1469;JEFA DE DIVISION DE APOYO ADMINISTRATIVO
1425;JEFE DE DIVISION DE CLASIFICACION Y REMUNERACION
1350;DIRECTOR DE LINEA DE CENTRO NACIONAL DE CONSERVACION DE RECURSOS GENETICOS
1248;JEFE DE DIVISION  DE CONTROL Y GESTION PRESUPUESTARIA
1700;COORDINADORA DE VEHICULOS
1257;DIRECTOR DE LINEA DE LA OFICINA DE COORDINACION TERRITORIAL
1451;JEFE DE DIVISION DE FISCALIZACIÓN AMBIENTAL
263;JEFE DE DIVISION (E) DE DESARROLLO Y PASANTIAS
2940;COORDINADOR (A) ATENCION DE ASUNTOS ADMINISTRATIVOS
2945;COORDINADORA DE ACOMPANAMIENTO EN LA ARTICULACION CON EL PODER POPULAR
26;DIRECTOR GENERAL DE FISCALIZACION Y CONTROL DE IMPACTOS AMBIENTALES
14;DIRECTORA GENERAL DE LA OFICINA DE PLANIFICACION Y PRESUPUESTO
15;DIRECTORA GENERAL DE LA OFICINA DE GESTION ADMINISTRATIVA
16;DIRECTOR GENERAL DE LA OFICINA DE INTEGRACION Y ASUNTOS INTERNACIONALES
17;DIRECTORA DE LA OFICINA ESTRATEGICA DE SEGUIMIENTO Y EVALUACION DE POLITICAS PUBLICAS
18;AUDITOR GENERAL (E) DE LA OFICINA DE AUDITORIA INTERNA
20;DIRECTORA GENERAL DE LA OFICINA DE GESTION HUMANA
21;DIRECTOR GENERAL DE LA OFICINA DE TECNOLOGIA DE LA INFORMACION Y LA COMUNICACION
25;VICEMINISTRO DE SERVICIOS DE GESTION DEL AMBIENTE
27;DIRECCION GENERAL DE POLITICAS DE GESTION Y CONSERVACION DE ECOSISTEMAS
32;VICEMINISTRO DE GESTION INTEGRAL DE LA BASURA
33;DIRECTOR GENERAL (E) DE PLANIFICACION DE GESTION INTEGRAL PARA EL MANEJO DE LA BASURA
34;DIRECTOR GENERAL DE INFRAESTRUCTURA DE LA BASURA
2628;JEFE DE DIVISION DE GESTION ECOSOCIALISTA DEL AMBIENTE GUARICO
36;DIRECTOR GENERAL DE GESTION DE LA CALIDAD DEL AMBIENTE
1429;JEFE DE DIVISION DE HCM
2642;DIRECTOR DE LINEA DE FISCALIZACION AMBIENTAL
1266;DIRECTOR DE UNIDAD TERRITORIAL DE ECOSOCIALISMO DELTA AMACURO
1673;COORDINADOR(A) ESTADAL DE LAS BRIGADAS CONTRA EL CAMBIO CLIMATICO UTEC MERIDA
1672;COORDINADOR(A) ESTADAL DE LAS BRIGADAS CONTRA EL CAMBIO CLIMATICO UTEC LA GUAIRA
1671;COORDINADOR(A) ESTADAL DE LAS BRIGADAS CONTRA EL CAMBIO CLIMATICO UTEC LARA
1670;COORDINADOR(A) ESTADAL DE LAS BRIGADAS CONTRA EL CAMBIO CLIMATICO UTEC AMAZONAS
1657;COORDINADOR(A) ESTADAL DE LAS BRIGADAS CONTRA EL CAMBIO CLIMATICO UTEC ANZOATEGUI
1655;COORDINADOR(A) ESTADAL DE LAS BRIGADAS CONTRA EL CAMBIO CLIMATICO UTEC MONAGAS
1421;JEFE DE DIVISION DE GESTIÓN DE VACACIONES DEL PERSONAL
1415;JEFE DE DIVISION DE JUBILACIONES Y PENSIONES 
41;DIRECTOR GENERAL DE MITIGACIÓN AL CAMBIO CLIMÁTICO
1811;SUPERVISOR DE SEGURIDAD
1730;COORDINADOR DE ALMACEN
1201;DIRECTOR DE LINEA DE GESTION OPERATIVA
2777;ADJUNTA AL DIRECTOR GENERAL DE PLANIFICACION Y PRESUPUESTO
1589;JEFE DIVISION DE GESTIÓN ECOSOCIALISTA DE UTEC DISTRITO CAPITAL
1710;DIRECTOR DE LINEA DE GESTION ENERGETICA
1236;DIRECTOR DE LINEA DE DETERMINACIÓN DE RESPONSABILIDADES
1659;COORDINADOR(A) ESTADAL DE LAS BRIGADAS CONTRA EL CAMBIO CLIMATICO UTEC TRUJILLO
1588;JEFE DIVISION DE GESTION ECOSOCIALISTA DEL AMBIENTE DELTA AMACURO
2730;JEFE DE DIVISION DE GESTION INTEGRAL DE MANEJO Y RESIDUOS DE DESECHOS SOLIDOS
247;JEFE DE DIVISION DE LA DIRECCION GENERAL DE FISCALIZACION Y CONTROL DE IMPACTOS AMBIENTALES
1224;COORDINADOR DE ENAJENACION DE BIENES
1223;COORDINADOR DE CONTRATACIONES DE OBRAS Y SERVICIOS
1262;DIRECTOR DE UNIDAD TERRITORIAL DE ECOSOCIALISMO BARINAS
155;Apoyo Profesional III Nivel VII
2624;ADJUNTO AL VICEMINISTRO PARA LA PRESERVACION DE LA VIDA Y LA BIODIVERSIDAD
2967;COORDINADOR DE TALLER Y LOGISTICA
1282;JEFE DE DIVISION DE GESTION INTEGRAL DE LA BASURA CARABOBO
2942;COORDINADORA (E) DE ARTICULACION INSTITUCIONAL
2966;COORDINADOR(A) ESTADAL DE LAS BRIGADAS CONTRA EL CAMBIO CLIMATICO UTEC DISTRITO CAPITAL
2965;COORDINADOR(A) ESTADAL DE LAS BRIGADAS CONTRA EL CAMBIO CLIMATICO UTEC CARABOBO
39;VICEMINISTRO PARA LA PRESERVACION DE LA VIDA Y LA BIODIVERSIDAD
2998;JEFA DE DIVISION DE SEGURO SOCIAL
134;Apoyo Tecnico II Nivel VII
1247;JEFE DE DIVISION DE PLANIFICACION DE GESTION HUMANA
2647;COORDINADOR
1587;JEFE DE DIVISION DE GESTIÓN INTEGRAL DE LA BASURA DELTA AMACURO
19;DIRECTOR GENERAL DE LA OFICINA DE GESTION COMUNICACIONAL
2616;DIRECTOR DE LINEA DE BIENESTAR SOCIAL
227;JEFE DE DIVISION DE PLANES, PROGRAMAS Y PROYECTOS
1719;COORDINADOR DE AUDIOVISUALES
387;JEFE DE DIVISION DE POTESTAD DE INVEST ASESORIA LEGAL
3050;COORDINADOR DE AREA
3051;COORDINADORA DE AREA
493;DIRECTOR DE UNIDAD TERRITORIAL DE ECOSOCIALISMO TRUJILLO
678;DIRECTOR DE LINEA
2882;SUPERVISOR DE SERVICIOS ESPECIALIZADO
103;JEFE DE DIVISION DE GESTION INTEGRAL DE LA BASURA
1306;DIRECTOR DE LINEA DE EVALUACIÓN Y SEGUIMIENTO DEL MANEJO DE LA BASURA
554;PROFESIONAL III
537;PROFESIONAL I
260;JEFE DE DIVISION
1636;JEFA DE DIVISIÓN DE GESTION INTERNA NUEVA ESPARTA
1419;JEFE DE DIVISION DE NOMINA Y ORDENACION DE PAGOS NO SALARIALES
40;DIRECTORA GENERAL DE ADAPTACION AL CAMBIO CLIMÁTICO
43;DIRECTOR GENERAL DE MONITOREO AL CAMBIO CLIMATICO
44;DIRECTOR GENERAL DE BIODIVERSIDAD BIOLOGICA
171;DIRECTORA GENERAL DE LA OFICINA DE CONSULTORIA JURIDICA
200;DIRECTOR GENERAL ( E ) DE PLANIFICACION DE GESTION INTEGRAL PARA EL MANEJO DE LA BASURA
203;DIRECTOR GENERAL DE APROVECHAMIENTO DE LA BASURA
221;DIRECTOR DE LINEA DE GESTION DE RESIDUOS APROVECHABLES
229;JEFE DE DIVISION DE INSPECCION, SUPERVISION Y CONTROL
230;DIRECTOR DE LINEA DE REGISTRO Y SISTEMATIZACION DE INFORMACION PARA EL MANEJO DE LA BASURA
234;DIRECTOR DE LINEA DE PROYECTOS Y COSTOS
490;DIRECTORA DE UNIDAD TERRITORIAL DE ECOSOCIALISMO PORTUGUESA
680;DIRECTOR DE LINEA (E) DE SISTEMA
1200;ADJUNTO AL DIRECTOR DEL DESPACHO
220;DIRECTOR DE LINEA DE PLANES, PROGRAMAS Y PROYECTOS
228;JEFE DE DIVISION DE GESTION DE RESIDUOS APROVECHABLES
42;DIRECTOR GENERAL DE POLITICAS PARA EL FORTALECIMIENTO Y DEFENSA DE LA BIODIVERSIDAD
82;VICEMINISTRO DE PRESERVACION DE LA VIDA Y LA BIODIVERSIDAD
231;DIRECTOR DE LINEA DE EVALUACION Y SEGUIMIENTO DEL MANEJO DE LA BASURA
1218;DIRECTOR DE LINEA DE SERVICIOS FINANCIEROS
1219;DIRECTOR DE LINEA DE ADQUISICIONES Y CONTRATACIONES DE OBRAS Y SERVICIOS
1221;DIRECTOR DE LINEA DE SEGURIDAD
266;JEFA DE DIVISION DE LA DIRECCION DE LINEA DE POLITICAS Y NORMAS PARA LA GESTION DEL MANEJO DE LA BAS
1222;DIRECTOR DE LINEA DE SERVICIOS GENERALES Y TRANSPORTE
10;MINISTRO
1226;DIRECTORA DE LINEA DE COOPERACIÓN INTERNACIONAL
1227;DIRECTORA DE LINEA DIRECCIÓN DE ASUNTOS INTERNACIONALES
1230;DIRECTORA DE LINEA DE EVALUACIÓN DE POLÍTICAS PÚBLICAS
1231;DIRECTOR DE LINEA DE ANÁLISIS ESTADÍSTICO
1232;DIRECTORA DE LINEA DE ARTICULACIÓN Y ACOMPAÑAMIENTO
1234;DIRECTORA DE LINEA ADJUNTA A LA OFICINA DE AUDITORIA INTERNA
1235;DIRECTORA DE LINEA DE CONTROL POSTERIOR
1239;DIRECTOR DE LINEA DE COMUNICACIÓN E INFORMACIÓN
1240;DIRECTORA DE LINEA DE RELACIONES PÚBLICAS E IMAGEN
1244;DIRECTORA DE LINEA DE NOMINA Y ORDENACIÓN DE PAGOS
1242;DIRECTORA DE LINEA ADJUNTA A LA OFICINA DE GESTION HUMANA
1203;DIRECTORA ADJUNTA A LA OFICINA DE CONSULTORIA JURIDICA
1205;DIRECTOR DE LINEA DE CONTRATOS Y RECLAMACIONES ADMINISTRATIVAS
1210;DIRECTOR DE LINEA DE PARTICIPACION CIUDADANA
1220;DIRECTOR DE LINEA DE BIENES PÚBLICOS
1249;DIRECTOR ADJUNTO DE LA OFICINA DE TECNOLOGIAS DE LA INFORMACION Y LA COMUNICACION
1250;DIRECTOR DE LINEA DE SISTEMAS
1258;DIRECTORA DE UNIDAD TERRITORIAL DE ECOSOCIALISMO AMAZONAS
1259;DIRECTORA DE UNIDAD TERRITORIAL DE ECOSOCIALISMO ANZOÁTEGUI
1260;DIRECTOR DE UNIDAD TERRITORIAL DE ECOSOCIALISMO APURE
1261;DIRECTOR DE UNIDAD TERRITORIAL DE ECOSOCIALISMO ARAGUA
1263;DIRECTOR DE UNIDAD TERRITORIAL DE ECOSOCIALISMO BOLÍVAR
1267;DIRECTORA DE UNIDAD TERRITORIAL DE ECOSOCIALISMO DTTO CAPITAL
1268;DIRECTOR DE UNIDAD TERRITORIAL DE ECOSOCIALISMO FALCÓN
1271;DIRECTOR DE UNIDAD TERRITORIAL DE ECOSOCIALISMO LA GUAIRA
1272;DIRECTOR DE UNIDAD TERRITORIAL DE ECOSOCIALISMO LARA
1274;DIRECTOR DE UNIDAD TERRITORIAL DE ECOSOCIALISMO MIRANDA
1275;DIRECTOR DE UNIDAD TERRITORIAL DE ECOSOCIALISMO MONAGAS
1245;DIRECTOR DE LINEA DE SEGUIMIENTO DE GESTIÓN HUMANA DEL MINISTERIO Y SUS ENTES
1269;DIRECTOR DE UNIDAD TERRITORIAL DE ECOSOCIALISMO GUARICO
1265;DIRECTOR DE UNIDAD TERRITORIAL DE ECOSOCIALISMO COJEDES
1281;DIRECTORA DE UNIDAD TERRITORIAL DE ECOSOCIALISMO YARACUY
1285;DIRECTORA DE LINEA DE CONTROL Y SUPERVISIÓN DE IMPACTOS AMBIENTALES
1294;DIRECTORA DE LINEA DE MANEJO DE PATRIMONIO FORESTAL
1305;DIRECTOR DE LINEA DE REGISTRO Y SISTEMATIZACIÓN DE INFORMACIÓN PARA EL MANEJO DE LA BASURA
1312;DIRECTOR DE LINEA DE CONTROL DE OPERACIONES
1316;DIRECTOR DE LINEA DE GESTIÓN DE RESIDUOS APROVECHABLES
1317;DIRECTORA DE LINEA DE INSPECCIÓN, SUPERVISIÓN Y CONTROL
1276;DIRECTORA DE UNIDAD TERRITORIAL DE ECOSOCIALISMO NUEVA ESPARTA
1273;DIRECTOR DE UNIDAD TERRITORIAL DE ECOSOCIALISMO MERIDA
1362;JEFE DE DIVISION DE TRABAJO DE GESTIÓN DE CASOS SOCIALES
1364;JEFE DE DIVISIVION DE TRABAJO DE FORTALECIMIENTO DE LA PARTICIPACIÓN CIUDADANA
1280;DIRECTORA DE UNIDAD TERRITORIAL DE ECOSOCIALISMO TRUJILLO
1310;DIRECTOR DE LINEA DE PROYECTOS
1307;DIRECTORA DE LINEA DE POLITICAS  NORMAS PARA LA GESTION DEL MANEJO DE LA BASURA
1279;DIRECTOR DE UNIDAD TERRITORIAL DE ECOSOCIALISMO TÁCHIRA
1414;JEFE DE DIVISION DE BENEFICIOS, CULTURA Y DEPORTE
1418;JEFE DE DIVISION COORDINADORA PEDAGOGICA
1420;JEFE DE DIVISION DE PRESTACIONES SOCIALES
1428;JEFE DE DIVISION DE SERVICIO DE ATENCIÓN PRIMARIA Y PRE-HOSPITALARIA
1465;JEFE DE DIVISION DE SUPERVISIÓN FORESTAL
1474;JEFE DE DIVISION DE CENTRO DE DOCUMENTACIÓN Y PROMOCIÓN AMBIENTAL
1417;JEFE DE DIVISION DE TRABAJO SOCIAL
1485;JEFE DE DIVISION DE LA DIRECCION DE LINEA DE PROYECTOS
1447;JEFE DE DIVISION DE PROTECCIÓN CONTRA INCENDIOS FORESTALES
1411;JEFE DE DIVISION DE RELACIONES PÚBLICAS
1386;JEFE DE DIVISIVION DE MANTENIMIENTO
1412;JEFE DE DIVISION DE TRABAJO DE DISEÑO GRAFICO
1424;JEFE DE DIVISION DE CAPTACION E INGRESOS
1427;JEFE DE DIVISION DE ARCHIVO DE PERSONAL
1501;COORDINADOR DE LA UNIDAD DE PATRIMONIO FORESTAL LARA
1502;COORDINADORA DE GESTION ECOSOCIALISTA DEL AMBIENTE LARA
1503;COORDINADORA DE MANEJO INTEGRAL DE DESECHOS Y RESIDUOS LARA
1598;JEFE DE DIVISION DE GESTIÓN INTEGRAL DE LA BASURA FALCON
1613;JEFA DE DIVISION DE GESTIÓN INTEGRAL DE LA BASURA LA GUAIRA
1616;JEFE DE DIVISIÓN DE GESTION INTERNA LARA
1591;JEFE DE DIVISION DE GESTION INTERNA DISTRITO CAPITAL
1611;JEFA DE DIVISION DE GESTION INTERNA LA GUAIRA
1617;DIRECTORA GENERAL DE PLANIFICACION Y PRESUPUESTO
1702;JEFE DE DIVISION DE GESTION INTERNA BOLIVAR
1553;JEFE DE DIVISION DE GESTIÓN INTEGRAL DE LA BASURA ANZOATEGUI
1302;DIRECTOR DE LINEA DE DIVULGACIÓN ECOSOCIALISTA
1547;JEFE DIVISION DE GESTIÓN ECOSOCIALISTA DEL AMBIENTE AMAZONAS
1552;JEFE DE DIVISION DE GESTIÓN ECOSOCIALISTA DEL AMBIENTE ANZOATEGUI
1568;JEFE DE DIVISION DE GESTIÓN INTEGRAL DE LA BASURA BARINAS
2617;DIRECTORA DE LINEA DE NOMINA Y ORDENACION DE PAGOS
2618;DIRECTOR DE LINEA DE SEGUIMIENTO DE GESTION HUMANA DEL MINISTERIO Y SUS ENTES
2619;DIRECTORA GENERAL DE ADAPTACION AL CAMBIO CLIMATICO
1637;JEFA DE DIVISIÓN DE GESTIÓN ECOSOCIALISTA DEL AMBIENTE NUEVA ESPARTA
1651;JEFA DE DIVISION DE GESTION INTERNA TACHIRA
1620;COORDINADORA DE VEHICULO
2621;DIRECTOR GENERAL DE POLÍTICAS PARA EL FORTALECIMIENTO Y DEFENSA DE LA BIODIVERSIDAD
2622;DIRECTOR GENERAL DE MONITOREO DEL CAMBIO CLIMÁTICO
2623;DIRECTOR GENERAL DE BIODIVERSIDAD BIOLÓGICA
1563;JEFA DE DIVISION DE GESTIÓN INTEGRAL DE LA BASURA ARAGUA
1658;JEFE DE DIVISIÓN DE GESTIÓN INTEGRAL DE LA BASURA TRUJILLO
2651;DIRECTOR DE LINEA DE DIVULGACION  ECOSOCIALISTA
2690;JEFE DE DIVISION GESTION INTEGRAL DE LA BASURA ANZOATEGUI
1662;JEFE DE DIVISION DE GESTIÓN ECOSOCIALISTA DEL AMBIENTE YARACUY
1641;JEFA DE DIVISIÓN DE GESTION INTERNA PORTUGUESA
1668;JEFE DE DIVISIÓN DE GESTIÓN INTEGRAL DE LA BASURA ZULIA
1623;JEFA DE DIVISION DE GESTION INTEGRAL DE LA BASURA MERIDA
2722;JEFE DE DIVISIÓN DE GESTIÓN ECOSOCIALISTA DEL AMBIENTE ZULIA
2758;DIRECTOR DE LINEA DE CONTROL Y SUPERVISION DE IMPACTOS FORESTALES
2776;JEFE DE DIVISION DE ARCHIVO
2783;DIRECTOR DE LINEA DE CONSERVACION DE ESPECIES AMENAZADAS
2785;DIRECTOR DE LINEA DE CENTRO NACIONAL DE RECURSOS GENETICOS
2895;JEFA DE DIVISION DE SEGURO COLECTIVO
2928;JEFA DE DIVISION DE GESTION ECOSOCIALISTA DEL AMBIENTE NUEVA ESPARTA
2953;JEFE DE DIVISION DE APOYO ADMINISTRATIVO DTTO CAPITAL
2992;JEFE DE DIVISION DE BENEFICIOS CULTURA Y DEPORTES
3507;JEFE DE DIVISION EN LA DIRECCION DE PROTECCION CONTRA INCENDIOS FORESTALES
3552;JEFA DE DIVISION DE NOMINA
3553;JEFA DE DIVISION DE PRESTACIONES SOCIALES
3554;JEFA DE DIVISION DE GESTION DE VACACIONES DEL PERSONAL
7;DIRECTORA GENERAL DE LA OFICINA ESTRATEGICA DE SEGUIMIENTO Y EVALUACION DE POLITICAS PUBLICAS
51;DIRECTORA DE LINEA DE FORMULACION DE POLITICAS, SEGUIMIENTO Y CONTROL DE CAMBIO CLIMATICO
80;VICEMINISTRO DE SERVICIO DE GESTION DEL AMBIENTE
112;DIRECTOR GENERAL DE LA OFICINA DE  INTEGRACION Y ASUNTOS INTERNACIONALES
119;DIRECTORA GENERAL DE LA OFICINA DE GESTION COMUNICACIONAL
127;Apoyo Tecnico I Nivel VII
174;DIRECTOR(A) DE LINEA DE TRANSPORTE
177;DIRECTORA DE LINEA DE CONSULTORIA JURIDICA
178;DIRECTOR DE LINEA DE GESTION DE EMISION E INFLUENCIAS
179;DIRECTOR DE LINEA DEL CEDIAMB
182;DIRECTOR DE LINEA DE LA DIRECCION DE PLANES Y ESTUDIOS
183;DIRECTOR DE LINEA  DE LA DIRECCION DE INVESTIGACION Y EVALUACION DE TECNOLOGIA
185;DIRECTOR DE LINEA DE LA DIRECCION DE SOPORTE TECNICO
186;DIRECTORA DE LINEA DE EVALUACION DE POLITICAS PUBLICAS
2939;DIRECTORA DE LINEA DE LA COORDINACION INSTITUCIONAL DE LA GESTION TERRITORIAL
237;JEFE DE DIVISION DE GESTION COMUNICACIONAL
121;Apoyo Tecnico I Nivel I
248;JEFA DE DIVISION DE AUDITORIAS ADMINISTRATIVAS
249;JEFE DE DIVISION DE DIVISION DE ESPECIES AMENAZADAS
251;JEFA DE DIVISION  DE CAPTACION E INGRESO
252;JEFE DE DIVISION  ADMINISTRATIVO
253;JEFE DE DIVISION DEL HABILITADO
254;JEFE DE DIVISION  DE SEGUIMIENTO Y CONTROL AMBIENTAL
257;JEFE DE DIVISION DE ORDENAMIENTO Y GESTION AMBIENTAL DEL TERRITORIO
258;JEFE DE DIVISION DE GESTION ESPECIAL  DE SEGURIDAD Y DEFENSA
259;JEFE DE DIVISION DE GESTION DE BLOQUE BOYACA JUNIL
261;JEFE DE DIVISION DEL VICEMINISTERIO DE GESTION
262;JEFA DE DIVISION (E) DE CLASIFICACION Y REMUNERACION
273;DIRECTOR DE LINEA DE MANEJO DE PATRIMONIO FORESTAL
274;DIRECTOR DE LINEA DE CONTROL FORESTAL
275;DIRECTOR DE INVESTIGACION E INFORMACION SOBRE EL PATRIMONIO FORESTAL
276;JEFE DE DIVISION DE RESERVAS FORESTALES TICOPORO-CAPARO
277;JEFA DE DIVISION DE SUPERVISION FORESTAL
278;RESERVADO
279;JEFE DE DIVISION DE ALMACEN
280;JEFE DE DIVISION  DE RECURSOS GENETICOS
282;JEFE DE DIVISION  DE PROYECTOS ESPECIALES DE CONSERVACION DE CUENCAS
283;JEFE DE DIVISION DE  ARCHIVO
284;JEFE DE DIVISION DE INVESTIGACIONES
285;JEFE DE DIVISION DE SALA SITUACIONAL
286;JEFE DE DIVISION DE SERVICIO MEDICO
292;JEFE DE DIVISION DE GESTION ECOSOCIALISTA DE RESIDUOS Y DESECHOS
293;JEFE DE DIVISION DE GESTION ECOSOCIALISTA DEL AMBIENTE
303;JEFE DE DIVISION DE  GESTION ECO DEL AMBIENTE BOLIVAR
304;JEFE DE DIVISION DE ECOSOCIALISMO APURE
305;JEFE DE DIVISION GESTION HUMANA BARINAS
306;JEFE DE DIVISION GESTION ECO
307;JEFE DE DIVISION GESTION HUMANA GUARICO
308;JEFE DE DIVISION GESTION AMBIENTAL GUARICO
310;JEFE DE DIVISION DE MANEJO ECO DE DESEC Y RESID GUARICO
311;JEFE DE DIVISION DE GESTION ADMINISTRATIVA GUARICO
312;JEFE DE DIVISION DE GESTION ECO Y AGUA GUARICO
313;JEFE DE DIVISION DE GESTION ADMINISTRATIVA BARINAS
314;JEFE DE DIVISION DE GESTION ECO Y AGUA BOLIVAR
315;JEFE DE DIVISION  DE GESTION APURE
316;JEFE DE DIVISION ADMINISTRATIVA ESTADAL MERIDA
317;JEFE DE DIVISION DE GESTION ECOSOCIALISTA DE AGUA ESTADAL TACHIRA
318;JEFE DE DIVISION  GESTION ECO AMBIENTE ESTADAL BOLIVAR
319;JEFE DE DIVISION  GESTION HUMANA ESTADAL BOLIVAR
322;JEFE DE DIVISIONES DE GESTION ADMINISTRATIVA ESTADAL  SUCRE
390;JEFE DE DIVISION DE ADMINISTRACION
491;DIRECTOR DE UNIDAD TERRITORIAL DE ECOSOCIALISMO DTTO CAPITAL
1660;ADJUNTO AL DIRECTOR GENERAL DE FORMACION PARA EL ECOSOCIALISMO
494;DIRECTORA DE UNIDAD TERRITORIAL DE ECOSOCIALISMO ANZOATEGUI
495;DIRECTOR DE UNIDAD TERRITORIAL DE ECOSOCIALISMO TACHIRA
321;JEFE DE DIVISION DE GESTION ECOSOC. DEL AMBIENTE NUEVA ESPARTA
679;DIRECTOR DE LINEA DE ANALISIS ESTADISTICOS
682;PROFESIONAL II
320;JEFE DE DIVISION  DE MANEJO ECO DE DESECHOS Y RESIDUOS ESTADAL TACHIRA
1000;ADJUNTA A LA DIRECCION GENERAL DE MITIGACION DEL CAMBIO CLIMATICO
1405;SUPERVISOR DE SERVICIOS ESPECIALES
1600;DIRECTORA DE LINEA DE PLANES PROGRAMAS Y PROYECTOS
1602;DIRECTORA DE LINEA DE INSPECCION SUPERVISION Y CONTROL
1610;JEFA DE DIVISION  DE GESTION DE CASOS SOCIALES
1619;COORDINADOR DE ADQUISICIONES
1628;COORDINADOR EN MANEJO ECOSOCIALISTA DE DESECHOS Y RESIDUOS
1656;DIRECTORA DE LINEA DE PLANIFICACION PARA LA CONSERVACION DE CUENCAS HIDROGRAFICAS
1663;DIRECTOR GENERAL DE FISCALIZACION Y CONTROL DE IMPACTO
1769;AYUDANTE DE SERVICIOS GENERALES
1664;COORDINADORA PEDAGOGICA PREESCOLAR ING. RICARDO GONDELLES
2613;ADJUNTO AL CONSULTOR JURIDICO
2614;ASISTENTE AL DIRECTOR
2625;DIRECTOR DE LINEA DE LA DIRECCION DE CONTRATACIONES
2626;DIRECTOR DE LINEA INSPECCION
2630;DIRECTOR(A) DE LINEA DE RECURSOS ADMINISTRATIVOS
2632;COORDINADOR(A) DE SECRETARIA Y CORRESPONDENCIA
2633;DIRECTORA DE LINEA DE INTEGRACION
2627;JEFE DE DIVISION DE GESTION INTERNA GUARICO
2635;JEFE DE DIVISION DE GESTION ECOSOCIALISTA DEL AGUA LARA
2708;JEFE DE DIVISION DE DISENO GRAFICO
2636;ASISTENTE DEL DIRECTOR(A) GENERAL DE SANAMEAMIENTO Y CONTROL DE INUNDACIONES
2638;DIRECTOR(A) DE LINEA DE ESTUDIOS Y PROYECTOS
2639;JEFE DE DIVISION DE UNIDAD DE COSTOS
2640;DIRECTOR DE PROTECCION CONTRA INCENDIOS FORESTALES
2641;DIRECTOR DE CONTROL Y SUPERVISION DE IMPACTOS AMBIENTALES
1665;COORDINADOR DE PRESUPUESTO
2644;DIRECTOR(A) DE LINEA DE LA DIRECCION DE EMBALSES
2645;DIRECTOR(A) DE LINEA DE LA DIRECCION DE FORMACION PARA EL ECOSOCIALISMO
2648;COORDINADOR(A) DE SEGUMIENTO DE LA DIRECCION GENERAL DEL DESPACHO DEL MINISTRO
2649;DIRECTOR(A) DE LINEA DE PROYECTOS ESPECIALES DE CONSERVACION DE CUENCAS
2650;DIRECTOR(A) GENERAL DE DIVERSIDAD BIOLOGICA
2652;COORDINADOR(A) DE GESTION OPERATIVA
2653;DIRECTOR(A) ESTADAL DE ECOSOCIALISMO Y AGUAS EN EL ESTADO COJEDES
2654;JEFE DE DIVISION DE CUENCAS TRANSFRONTERIZAS
2655;JEFA DE DIVISION DEL CENTRO DE DOCUMENTACION Y DIVULGACION AMBIENTAL
2656;JEFE DE DIVISION DE CONTROL DE BIENES
2657;DIRECTOR(A) DE LINEA DE PARTICIPACION COMUNITARIA
2674;DIRECTORA DE UNIDAD TERRITORIAL DE ECOSOCIALISMO BOLIVAR
2659;JEFE DE DIVISION DE RADIOCOMINICACIONES
2662;JEFE DE DIVISION DE MANEJO ECOSOCIALISTA DE DESECHOS Y RESIDUOS APURE
2664;JEFE DE DIVISION DE GESTION ECOSOCIALISTA DEL AMBIENTE ANZOATEGUI
2665;DIRECTOR(A) DE LINEA DE INTEGRACION Y ASUNTOS INTERNACIONALES
2667;JEFE DE DIVISION DE ANALISIS INTEGRAL Y PROCESOS
2668;JEFE DE DIVISION DE MANEJO ECOSOCIALISTA AMBIENTAL GUARICO
2669;DIRECTOR(A) DE LINEA DE SECRETARIA
2678;DIRECTOR(A) ESTADAL DE ECOSOCIALISMO Y AGUAS EN EL ESTADO ZULIA
2679;DIRECTOR(A) DE LINEA DE GESTION Y ORDENACION TERRITORIAL
2681;JEFE DE DIVISION DE POTESTAD INVESTIGATIVA
2683;JEFE DE DIVISION  DE PRENSA
2684;JEFE DE DIVISION DE GESTION ECOSOCIALISTA DEL AMBIENTE AMAZONAS
2685;JEFE DE DIVISION DE CONTABILIDAD
2686;JEFE DE DIVISION DE GESTION ECO.DE AGUAS SUCRE
2688;JEFE DE DIVISION  DE GESTION ECO. DEL AMBIENTE APURE
2689;JEFE DE DIVISION DE MANEJO ECO. DE DESECHOS Y RESIDUOS LARA
2691;JEFE DE DIVISION DE GESTION ECO DEL AMBIENTE MIRANDA
2692;JEFE DE DIVISION DE GESTION ECO. DEL AMBIENTE MIRANDA
2694;DIRECTOR(A) DE LINEA DE LA DIRC. DE RECURSOS ADMINISTRATAIVOS
2697;JEFE DE DIVISION DE COMUNICACION ESTRATEGICA
2698;JEFE DE DIVISION DE GESTION INTERNA SUCRE
2699;JEFE DE DIVISION DE GESTION ECO. DE RESIDUOS Y DESECHOS SOLIDOS SUCRE
2704;JEFE DE DIVISION DE GESTION INTERNA ECO. AGUAS
2705;DIRECTOR(A) DE LINEA DE LA DIV. DE CONTROL DE INUNDACIONES
2706;DIRECTOR(A) DE LINEA DE SEGUIMIENTO Y ANALISIS
2715;DIRECTORA DE UNIDAD TERRITORIAL DE ECOSOCIALISMO MERIDA
2717;JEFE DE DIVISION DE MANEJO DE ECO. DE DESECHOS Y RESIDUOS  MIRANDA
2718;JEFE DE DIVISION DE GESTION ECO. DEL AMBIENTE DELTA AMACURO
2719;DIRECTORA DE LINEA DE ATENCION CIUDADANIA
2720;JEFE DE DIVISION DE SEGURIDAD FISICA
2721;JEFE DE DIVISIÓN DE GESTIÓN INTERNA ECOSOCIALISTA ZULIA
2724;JEFE DE DIVISION DE AUDITORIAS TECNICAS
2725;DIRECTORA DE LINEA DE PROCEDIMIENTOS ADMINISTRATIVOS Y JUDICIALES
2726;JEFE DE DIVISION DE AUDIOVISUAL
2727;DIRECTORA DE LINEA (E) DE POLITICAS Y NORMAS PARA EL MANEJO DE LA BASURA
2728;DIRECTORA DE LINEA DE ARTICULACION Y ACOMPANAMIENTO
2729;DIRECTORA DE LINEA DE PREVENCION DE AMENAZAS A LA DIVERSIDAD BIOLOGICA
2700;DIRECTOR(A) DE LINEADE LA DIRECCION DE ORGANIZACION
2702;JEFE DE DIVISION DE GESTION ECOSOCIALISTA DEL AMBIENTE BARINAS
2707;JEFE DE DIVISION DE GESTION INTERNA ZULIA
2734;JEFE DE DIVISION DE GESTION INTERNA
2736;JEFE DE DIVISION DE GESTION ECOSOC DEL AMBIENTE YARACUY
2737;COORDINADOR DESPACHO VICE DEL AGUA
2738;COORDINADOR SANEAMIENTO Y CONTROL DE INNUND
2739;JEFE DE DIVISION DE GESTION ECO. DEL AMBIENTE
2740;JEFE DE DIVISION DE GESTION INTERNA LARA
2741;DIRECTOR DE LINEA DE CUENCAS TRASNFRONTERIZADAS
2742;DIRECTOR GENERAL DE GESTION HUMANA
2744;JEFE DE DIVISION DE GESTION ECO BOLIVAR
2745;JEFE DE DIVISION AUDIOVISUAL
2746;DIRECTOR DE LINEA SEGUIMIENTO Y ANALISIS
2747;COORDINADOR DE TRANSPORTE
2748;JEFE DE DIVISION TERRITORIAL DE SEGUIMIENTO Y ANALISIS DEL DESPACHO
2750;JEFE DE DIVISION DE GESTION ECO. DEL AMBIENTE TACHIRA
2753;COORDINADOR ADMINISTRATIVO EN LA DIV. DE CONTABILIDAD DE LA DIV. DE SERVICIOS FINANCIEROS
2754;DIRECTOR DE LINEA DE ESTUDIOS Y PROYECTOS DE EMBALSES Y AGUA POTABLE
2759;JEFE DE DIVISION PARA LA DESALINIZACION DEL AGUA
2761;COORDINADOR DE PRESUPUESTO Y PLANIFICACION
2764;DIRECTORA DE LINEA DE ASUNTOS INTERNACIONALES
2766;COORDINADOR ADMINISTRATIVO EN LA DIRECCION DE SERVICIOS GENERALES
531;TECNICO II
751;BACHILLER I
674;BACHILLER II
521;TECNICO I
515;BACHILLER III NIVEL II
516;BACHILLER III
520;BACHILLER III NIVEL VII
630;Medico I Nivel XII (8 H)
684;PROFESIONAL II - NIVEL III
2824;PROFESIONAL III - NIVEL III
1852;COORDINADOR (E ) EN  ECOSOCIALISMO DEL AMBIENTE
605;Medico Especialista II Nivel XI (8 H)
643;CHOFER
827;VIGILANTE NIVEL VII
600;VIGILANTE
568;ASEADOR
575;MENSAJERO MOTORIZADO
581;OBRERO NIVEL I
737;AUXILIAR DE SERVICIOS DE OFICINA NIVEL VII
1805;CHOFER DE CARGA
1742;CHOFER DE TRANSPORTE
677;JARDINERO NIVEL VII
1801;AUXILIAR DE TELECOMUNICACIONES
597;ASEADOR NIVEL VII
2871;AYUDANTE AGROPECUARIO
122;Apoyo Tecnico I Nivel II
124;MENSAJERO ORRHH
145;OPERARIO MAQUINA FOTOCOPIADORA
146;MENSAJERO MOTORIZADO CONSULTORIA JURIDICA
152;CHOFER OFIC ADMINISTRACION Y SERVICIO
153;AUXILIAR DE FARMACIA
161;AUXILIAR DE SERVICIOS DE OFICINA CONSULTORIA JURIDICA
167;AUXILIAR DE SERVICIOS DE OFICINA PORTUGUESA
169;AUXILIAR DE SERVICIOS DE OFICINA TRUJILLO
180;MECANICO AUTOMOTRIZ
196;SUPERVISOR DE SERVICIOS ESPECIALIZADOS CARABOBO
325;Jardinero III Nivel I
330;Mensajero Motorizado III Nivel I
335;Chofer IV Nivel I
360;Vigilante V Nivel I
386;Supervisor de Seguridad X Nivel II
423;VIGILANTE MERIDA
434;AYUDANTE DE ALMACEN OFICINA DE ADMINISTRACION Y SERV.
435;AYUDANTE DE SERVICIOS DE COCINA
449;VIGILANTE SUCRE
450;VIGILANTE TRUJILLO
572;COCINERO
573;ESCOLTA
574;MENSAJERO
577;RECEPTOR INFORMADOR
578;SUPERVISOR DE ASCENSORISTAS
584;OBRERO
567;ASCENSORISTA
591;ASEADOR NIVEL I
617;AYUDANTE DE SERVICIOS DE COCINA NIVEL VII
637;TAQUILLERO NIVEL VII
627;MENSAJERO NIVEL VII
657;AYUDANTE DE LABORATORIO GEOANALITICO NIVEL VII
667;AYUDANTE DE SERVICIOS DE OFICINAS NIVEL VII
687;MENSAJERO MOTORIZADO NIVEL VII
727;PINTOR NIVEL VII
747;AUXILIAR DE FARMACIA NIVEL VII
757;AUXILIAR DE TELECOMUNICACIONES NIVEL VII
787;COCINERO NIVEL VII
797;OPERARIO DE EQUIPO DE TELECOMUNICACIONES NIVEL VII
807;PLOMERO NIVEL VII
731;AUXILIAR DE SERVICIOS DE OFICINA NIVEL I
767;AYUDANTE DE ALMACEN NIVEL VII
817;TIMONEL DE EMBARCACION NIVEL VII
837;MECANICO DE REFRIGERACION NIVEL VII
867;CARPINTERO NIVEL VII
879;OPERARIO DE MAQUINA FOTOCOPIADORA
883;SUPERVISOR DE SERVICIOS INTERNOS
857;AYUDANTE DE TOPOGRAFIA NIVEL VII
717;RECEPTOR INFORMADOR NIVEL VII
777;CHOFER DE TRANSPORTE NIVEL VII
882;SUPERVISOR DE SERVICIOS INTERNO
890;CHOFER DE CARGA NIVEL VII
907;AUXILIAR DE ENFERMERIA NIVEL VII
921;ELECTRICISTA DE ALTA TENSION GRADO NIVEL I
927;ELECTRICISTA DE ALTA TENSION NIVEL VII
937;SUPERVISOR DE ASCENSORISTA NIVEL VII
957;SUPERVISOR DE COCINA NIVEL VII
1738;PLOMERO
887;MECANICO AUTOMOTRIZ NIVEL VII
997;SUPERVISOR DE SEGURIDAD NIVEL VII
897;ESCOLTA NIVEL VII
961;SUPERVISOR DE SERVICIOS INTERNO NIVEL I
1751;JARDINERO
1754;MESAJERO
1773;AYUDANTE DE TOPOGRAFIA
1777;CARPINTERO
1782;AUXILIAR DE ENFERMERIA
1797;AYUDANTE DE ALMACEN
2807;OPERADOR DE ACUEDUCTO
2827;TAQUILLERO
2828;MECANICO DE REFRIGERACION
2863;TIMONEL DE EMBARCACION
2868;ELECTRICISTA DE ALTA TENSION
2869;AYUDANTE DE SERVICIOS DE OFICINAS
2870;AYUDANTE DE LABORATORIO GEOANALITICO
2881;FOTOGRABADOR PLANCHISTA
2864;SUPERVISOR DE VIVEROS
2887;AUXILIAR DE COCINA
4003;COCINERA
4058;SUPERVISOR DE COCINA
697;OPERARIO DE MAQUINA FOTOCOPIADORA NIVEL VII
707;CHOFER NIVEL VII
415;VIGILANTE OFIC ADMINISTRACION Y SERVICIO
607;ASCENSORISTA NIVEL VII
647;AYUDANTE DE SERVICIOS GENERALES NIVEL VII
987;SUPERVISOR DE SERVICIOS ESPECIALIZADOS NIVEL VII
587;OBRERO NIVEL VII
967;SUPERVISOR DE SERVICIOS INTERNO NIVEL VII
1737;PINTOR
355;Cocinero V Nivel I
108;Apoyo Administrativo II Nivel II
384;Supervisor de Servicios Internos IX Nivel I.
110;Apoyo Administrativo II Nivel V
4182;Medico Especialista I Nivel III (8 H)
2795;Medico Especialista I Nivel V ( 8H)
326;Jardinero III Nivel VII
748;Medico Especialista I Nivel IX
105;Apoyo Administrativo I Nivel VI
104;Apoyo Administrativo I Nivel V
117;Apoyo Administrativo III Nivel IV
301;Aseador I Nivel II
246;Apoyo Profesional II Nivel V
111;Apoyo Administrativo II Nivel VI
147;Apoyo Profesional II Nivel VI
149;Apoyo Profesional III Nivel I
125;Apoyo Tecnico I Nivel V
109;Apoyo Administrativo II Nivel III
142;Apoyo Profesional II Nivel I
130;Apoyo Tcnico II Nivel III
373;Chofer VI Nivel I
115;Apoyo Administrativo III Nivel II
771;Medico II Nivel XII (8 H)
302;Aseador I Nivel III
742;Medico Especialista I Nivel VII
347;Auxiliar de Servicios de Oficina Contratado V Nivel III
412;Auxiliar de Servicios de Oficina V Nivel VI
346;Auxiliar de Servicios de Oficina Contratado V Nivel II
116;Apoyo Administrativo III Nivel III
4303;Medico Especialista II Nivel XII (8 H)
385;Supervisor de Seguridad X Nivel I
137;Apoyo Profesional I Nivel III
728;Medico Especialista I Nivel V (6 H)
4306;Medico Especialista I Grado XI (8 H)
344;PINTOR NIVEL III
411;Auxiliar de Servicios de Oficina V Nivel V
4305;Medico I Nivel III (8 H)
4298;Medico Especialista II Nivel VII (8 H)
711;Medico Especialista I Nivel XII
143;Apoyo Profesional II Nivel II
345;Auxiliar de Servicios de Oficina V Nivel I
102;Apoyo Administrativo I Nivel III
719;MEDICO ESPECIALISTA I NIVEL VIII
148;Apoyo Profesional II Nivel VII
343;Pintor IV Nivel I
375;Escolta VII Nivel I
4304;Medico I Nivel I (8 Horas)
140;Apoyo Profesional I Nivel VI
123;Apoyo Tcnico I Nivel III
413;Auxiliar de Servicios de Oficina V Nivel VII
106;Apoyo Administrativo I Nivel VII
389;Supervisor de Servicios Especializados X Nivel III
327;Ayudante de Servicios Generales III Nivel VII
139;Apoyo Profesional I Nivel V
370;Mecánico Refrigeración VI Nivel I
114;Apoyo Administrativo III Nivel I
380;Electromecánico VIII Nivel I
348;Auxiliar de Telecomunicaciones V Nivel I
381;Supervisor de Cocina IX Nivel I
410;Auxiliar de Servicios de Oficina V Nivel IV
736;Medico Especialista I Nivel I (8 Horas)
718;Medico Especialista I Nivel VII (5 H)
781;Medico Especialista I Nivel X
739;Medico Especialista I Nivel IV (8 H)
154;Apoyo Profesional III Nivel VI
151;Apoyo Profesional III Nivel III
336;Chofer de Transporte Nivel V
4192;Medico I Nivel IV (8 H)
150;Apoyo Profesional III Nivel II
340;Receptor Informador IV Nivel I
128;Apoyo Tcnico II Nivel I
365;Mecanico Automotriz VI Nivel I
107;Apoyo Administrativo II Nivel I
4180;Medico Especialista I Nivel II (8 H)
741;Medico Especialista I Nivel VI (8 H)
4184;Medico Especialista I Nivel VII (8 H)
300;Aseador I Nivel I
129;Apoyo Tecnico II Nivel II
138;Apoyo Profesional I Nivel IV
120;Apoyo Administrativo III Nivel VII
133;Apoyo Tecnico II Nivel IV
350;Ayudante de Almacén V Nivel I
383;Supervisor de Servicios Internos IX Nivel I
4293;Medico Especialista II Nivel I (8 H)
4188;Medico Especialista I Nivel XII (8 H)
101;Apoyo Administrativo I Nivel II
4294;Medico Especialista II Nivel III (8 H)
2757;Medico General I Nivel XII (8 H)
144;Apoyo Profesional II Nivel III
184;DIRECTOR DE LINEA DE CONTROL DE OPERACIONES DEL MANEJO DE LOS DESECHOS Y RESIDUOS
2677;DIRECTOR DE UNIDAD TERRITORIAL DE ECOSOCIALISMO PORTUGUESA
2751;JEFE DE DIVISION DE GESTION INTERNA TACHIRA
2922;JEFE DE DIVISION DE GESTION ECOSOCIALISTA DEL AMBIENTE LA GUAIRA
2997;JEFE DE DIVISION GESTION ECOSOCIALISTA FALCON
12;DIRECTOR DE OPERACIONES
